{"cameraMode":{"drawMode":0,"name":"Shaded","section":"Shading Mode"},"sceneLighting":false,"audioPlay":false,"sceneViewState":{"m_AlwaysRefresh":false,"showFog":true,"showSkybox":false,"showFlares":true,"showImageEffects":true,"showParticleSystems":true,"showVisualEffectGraphs":true,"m_FxEnabled":true},"in2DMode":false,"pivot":{"x":1279.7003173828125,"y":719.969482421875,"z":0.010689735412597657},"rotation":{"x":0.10659942775964737,"y":-0.015807824209332467,"z":0.0016481287311762572,"w":0.9942824244499207},"size":0.8660253882408142,"orthographic":false}