{"cameraMode":{"drawMode":0,"name":"Shaded","section":"Shading Mode"},"sceneLighting":false,"audioPlay":false,"sceneViewState":{"m_AlwaysRefresh":false,"showFog":true,"showSkybox":false,"showFlares":true,"showImageEffects":true,"showParticleSystems":true,"showVisualEffectGraphs":true,"m_FxEnabled":true},"in2DMode":false,"pivot":{"x":-0.9067800641059876,"y":0.8917591571807861,"z":-1.1401170492172242},"rotation":{"x":0.02388693019747734,"y":-0.9469738006591797,"z":0.3120321035385132,"w":0.07231868803501129},"size":0.8660253882408142,"orthographic":false}