{"cameraMode":{"drawMode":0,"name":"Shaded","section":"Shading Mode"},"sceneLighting":true,"audioPlay":false,"sceneViewState":{"m_AlwaysRefresh":false,"showFog":true,"showSkybox":false,"showFlares":true,"showImageEffects":true,"showParticleSystems":true,"showVisualEffectGraphs":true,"m_FxEnabled":true},"in2DMode":false,"pivot":{"x":-0.3005647659301758,"y":-0.12301105260848999,"z":0.7997128963470459},"rotation":{"x":0.24567368626594544,"y":-0.5759150981903076,"z":0.18689067661762238,"w":0.7569777965545654},"size":0.6769194602966309,"orthographic":false}