{"cameraMode":{"drawMode":0,"name":"Shaded","section":"Shading Mode"},"sceneLighting":true,"audioPlay":false,"sceneViewState":{"m_AlwaysRefresh":false,"showFog":true,"showSkybox":false,"showFlares":true,"showImageEffects":true,"showParticleSystems":true,"showVisualEffectGraphs":true,"m_FxEnabled":true},"in2DMode":false,"pivot":{"x":0.3985902667045593,"y":0.3352023959159851,"z":-1.5621132850646973},"rotation":{"x":-0.19908088445663453,"y":0.41923144459724429,"z":-0.09475161880254746,"w":-0.8806832432746887},"size":0.6769194602966309,"orthographic":false}