{"cameraMode":{"drawMode":0,"name":"Shaded","section":"Shading Mode"},"sceneLighting":true,"audioPlay":false,"sceneViewState":{"m_AlwaysRefresh":false,"showFog":true,"showSkybox":true,"showFlares":true,"showImageEffects":true,"showParticleSystems":true,"showVisualEffectGraphs":true,"m_FxEnabled":true},"in2DMode":false,"pivot":{"x":-1.9077527523040772,"y":2.694956064224243,"z":-3.50897216796875},"rotation":{"x":-0.23945917189121247,"y":-0.0008765161619521678,"z":0.00021680236386600882,"w":-0.9709030985832214},"size":7.244753360748291,"orthographic":false}