{"cameraMode":{"drawMode":0,"name":"Shaded","section":"Shading Mode"},"sceneLighting":false,"audioPlay":false,"sceneViewState":{"m_AlwaysRefresh":false,"showFog":true,"showSkybox":true,"showFlares":true,"showImageEffects":true,"showParticleSystems":true,"showVisualEffectGraphs":true,"m_FxEnabled":true},"in2DMode":false,"pivot":{"x":1.4627436399459839,"y":-5.187435150146484,"z":2.7216084003448488},"rotation":{"x":-0.05740795657038689,"y":-0.9383637309074402,"z":0.28289976716041567,"w":-0.19063307344913484},"size":11.608379364013672,"orthographic":false}