{"cameraMode":{"drawMode":0,"name":"Shaded","section":"Shading Mode"},"sceneLighting":false,"audioPlay":false,"sceneViewState":{"m_AlwaysRefresh":false,"showFog":true,"showSkybox":true,"showFlares":true,"showImageEffects":true,"showParticleSystems":true,"showVisualEffectGraphs":true,"m_FxEnabled":true},"in2DMode":false,"pivot":{"x":-1.1938780546188355,"y":2.2409331798553469,"z":2.169961452484131},"rotation":{"x":-0.08566777408123017,"y":-0.9061785936355591,"z":0.22206948697566987,"w":-0.34983009099960329},"size":1.2247449159622193,"orthographic":false}