{"cameraMode":{"drawMode":0,"name":"Shaded","section":"Shading Mode"},"sceneLighting":false,"audioPlay":false,"sceneViewState":{"m_AlwaysRefresh":false,"showFog":true,"showSkybox":true,"showFlares":true,"showImageEffects":true,"showParticleSystems":true,"showVisualEffectGraphs":true,"m_FxEnabled":true},"in2DMode":false,"pivot":{"x":-4.163135528564453,"y":9.176044464111329,"z":-3.8963143825531008},"rotation":{"x":0.3887134790420532,"y":0.021294280886650087,"z":-0.008976975455880165,"w":0.9211810827255249},"size":1.2247449159622193,"orthographic":false}