{"cameraMode":{"drawMode":0,"name":"Shaded","section":"Shading Mode"},"sceneLighting":false,"audioPlay":false,"sceneViewState":{"m_AlwaysRefresh":false,"showFog":true,"showSkybox":true,"showFlares":true,"showImageEffects":true,"showParticleSystems":true,"showVisualEffectGraphs":true,"m_FxEnabled":true},"in2DMode":false,"pivot":{"x":-0.14489507675170899,"y":1.457736611366272,"z":0.5066080093383789},"rotation":{"x":0.15945382416248322,"y":-0.7750803232192993,"z":0.21597805619239808,"w":0.5719419121742249},"size":0.7479659914970398,"orthographic":false}