{"cameraMode":{"drawMode":0,"name":"Shaded","section":"Shading Mode"},"sceneLighting":false,"audioPlay":false,"sceneViewState":{"m_AlwaysRefresh":false,"showFog":true,"showSkybox":true,"showFlares":true,"showImageEffects":true,"showParticleSystems":true,"showVisualEffectGraphs":true,"m_FxEnabled":true},"in2DMode":false,"pivot":{"x":-1.1338014602661133,"y":0.30836835503578188,"z":-0.5735828280448914},"rotation":{"x":0.12720619142055512,"y":-0.8384333848953247,"z":0.22154463827610017,"w":0.48163512349128725},"size":1.2247449159622193,"orthographic":false}